1,AMD310
2,AMD811
3,AMD812
4,AMD813
5,AMD814
6,AMD895
7,AMD897
8,AML702
9,AML706
10,AML731
11,AML793
12,AML795
13,AML831
14,AML832
15,AML835
16,AMP776
17,APL100
18,APL102
19,APL105
20,APL300
21,APL705
22,APL711
23,APL713
24,APL720
25,APL750
26,APL767
27,APL774
28,APL796
29,APL871
30,APV707
31,ASD882
32,ASL340
33,ASL350
34,ASL360
35,ASL734
36,ASL736
37,ASL737
38,ASL738
39,ASL751
40,ASL754
41,ASL760
42,ASP820
43,BBD451
44,BBD452
45,BBD851
46,BBD852
47,BBD853
48,BBD854
49,BBD895
50,BBL341
51,BBL431
52,BBL432
53,BBL433
54,BBL434
55,BBL443
56,BBL445
57,BBL736
58,BBL740
59,BBL742
60,BBL745
61,BBL746
62,BBL747
63,BBL749
64,BBQ301
65,BBQ302
66,BBQ303
67,BED800
68,BMD802
69,BML735
70,BML737
71,BML740
72,BML750
73,BML760
74,BML771
75,BML820
76,BML860
77,BMP743
78,BSD895
79,CHD771
80,CHD871
81,CHD872
82,CHD873
83,CHD874
84,CLD411
85,CLD412
86,CLD413
87,CLD414
88,CLD415
89,CLD771
90,CLD781
91,CLD782
92,CLD880
93,CLD881
94,CLD882
95,CLL121
96,CLL122
97,CLL231
98,CLL251
99,CLL271
100,CLL352
101,CLL361
102,CLL371
103,CLL402
104,CLL475
105,CLL722
106,CLL727
107,CLL731
108,CLL732
109,CLL733
110,CLL766
111,CLL767
112,CLL768
113,CLL771
114,CLL772
115,CLL779
116,CLL782
117,CLL786
118,CLL788
119,CLL793
120,CLP302
121,CLP704
122,CLQ301
123,CLQ302
124,CLV797
125,CMD641
126,CMD807
127,CML100
128,CML521
129,CML522
130,CML523
131,CML524
132,CML525
133,CML526
134,CML665
135,CML673
136,CML682
137,CML724
138,CML729
139,CML737
140,CML738
141,CML739
142,CML740
143,CML801
144,CMP100
145,CMP521
146,CMP522
147,CMP728
148,COD310
149,COD492
150,COD494
151,COD891
152,COD892
153,COD893
154,COD895
155,COL100
156,COL106
157,COL216
158,COL226
159,COL331
160,COL352
161,COL362
162,COL380
163,COL632
164,COL633
165,COL724
166,COL726
167,COL729
168,COL740
169,COL758
170,COL772
171,COL774
172,COL781
173,COL786
174,COL812
175,COL863
176,COL864
177,COL872
178,COL886
179,COP290
180,COP315
181,COP701
182,COQ301
183,COQ302
184,COQ303
185,COQ304
186,COS310
187,COS799
188,COV878
189,COV880
190,COV883
191,COV884
192,COV887
193,COV888
194,CRD802
195,CRD811
196,CRD812
197,CRD814
198,CRL702
199,CRL704
200,CRL706
201,CRL712
202,CRL722
203,CRL724
204,CRL732
205,CRV742
206,CSD411
207,CSD853
208,CVC772
209,CVD411
210,CVD412
211,CVD700
212,CVD710
213,CVD720
214,CVD721
215,CVD756
216,CVD757
217,CVD758
218,CVD772
219,CVD773
220,CVD776
221,CVD777
222,CVD778
223,CVD801
224,CVD810
225,CVD811
226,CVD832
227,CVD854
228,CVD895
229,CVL100
230,CVL212
231,CVL222
232,CVL242
233,CVL244
234,CVL261
235,CVL281
236,CVL313
237,CVL342
238,CVL381
239,CVL382
240,CVL422
241,CVL431
242,CVL443
243,CVL482
244,CVL702
245,CVL703
246,CVL705
247,CVL706
248,CVL712
249,CVL713
250,CVL714
251,CVL715
252,CVL721
253,CVL723
254,CVL724
255,CVL727
256,CVL728
257,CVL734
258,CVL735
259,CVL743
260,CVL746
261,CVL760
262,CVL761
263,CVL762
264,CVL774
265,CVL775
266,CVL776
267,CVL778
268,CVL811
269,CVL830
270,CVL833
271,CVL838
272,CVL841
273,CVL845
274,CVL847
275,CVL849
276,CVL850
277,CVL861
278,CVL863
279,CVL864
280,CVL865
281,CVL871
282,CVL874
283,CVL875
284,CVP222
285,CVP242
286,CVP261
287,CVP281
288,CVP342
289,CVP730
290,CVP731
291,CVP756
292,CVP771
293,CVP800
294,CVP810
295,CVQ301
296,CVS810
297,DSD792
298,DSD799
299,DSD802
300,DSD892
301,DSL712
302,DSL714
303,DSL734
304,DSL737
305,DSL782
306,DSL811
307,DSP704
308,DSP711
309,DSP722
310,DSP741
311,DSR772
312,DSR812
313,DSS720
314,DTD899
315,EED854
316,EED898
317,EET410
318,ELD411
319,ELD431
320,ELD450
321,ELD451
322,ELD452
323,ELD453
324,ELD454
325,ELD455
326,ELD456
327,ELD457
328,ELD458
329,ELD459
330,ELD780
331,ELD800
332,ELD802
333,ELD810
334,ELD811
335,ELD812
336,ELD831
337,ELD832
338,ELD851
339,ELD852
340,ELD871
341,ELD872
342,ELD880
343,ELD881
344,ELD895
345,ELL100
346,ELL201
347,ELL205
348,ELL212
349,ELL225
350,ELL231
351,ELL301
352,ELL303
353,ELL319
354,ELL332
355,ELL365
356,ELL400
357,ELL402
358,ELL409
359,ELL411
360,ELL457
361,ELL703
362,ELL705
363,ELL715
364,ELL717
365,ELL719
366,ELL720
367,ELL723
368,ELL725
369,ELL726
370,ELL730
371,ELL731
372,ELL742
373,ELL752
374,ELL759
375,ELL760
376,ELL769
377,ELL776
378,ELL778
379,ELL783
380,ELL784
381,ELL791
382,ELL802
383,ELL803
384,ELL805
385,ELL814
386,ELL815
387,ELL821
388,ELL822
389,ELL823
390,ELL824
391,ELL833
392,ELL850
393,ELL851
394,ELL870
395,ELL880
396,ELL888
397,ELL896
398,ELP203
399,ELP302
400,ELP305
401,ELP311
402,ELP720
403,ELP725
404,ELP736
405,ELP801
406,ELP832
407,ELP852
408,ELP853
409,ELP871
410,ELQ301
411,ELS310
412,ELS330
413,ELS880
414,ELV780
415,ELV781
416,EPC410
417,ESL300
418,ESL330
419,ESL340
420,ESL350
421,ESL360
422,ESL710
423,ESL714
424,ESL718
425,ESL730
426,ESL734
427,ESL750
428,ESL755
429,ESL796
430,ESL840
431,ESL871
432,ESL880
433,ESP713
434,ESQ301
435,ESQ303
436,ESQ304
437,ESQ306
438,ESQ307
439,ESQ308
440,ESQ309
441,ESQ310
442,HSD700
443,HSL262
444,HSL701
445,HSL702
446,HSL713
447,HSL719
448,HSL731
449,HSL751
450,HSL766
451,HSL772
452,HSL800A
453,HSL800B
454,HSL841
455,HSL852
456,HSL860
457,HSV319
458,HSV748
459,HSV781
460,HUL211A
461,HUL211B
462,HUL212
463,HUL231
464,HUL239
465,HUL242
466,HUL261
467,HUL267
468,HUL271
469,HUL274
470,HUL286A
471,HUL286B
472,HUL307
473,HUL315
474,HUL316
475,HUL320
476,HUL335
477,HUL356
478,HUL360
479,HUL362
480,HUL370
481,HUL371A
482,HUL371B
483,HUL375
484,HUL376
485,HUL378
486,HUL380
487,HUL381A
488,HUL381B
489,HUL743
490,HUL763
491,HUL843
492,HUL861
493,HUL874
494,HUL875
495,HUL888
496,HUV705
497,HUV751
498,ITL702
499,ITL711
500,ITL714
501,ITL717
502,JID802
503,JOD802
504,JOP792
505,JPD802
506,JRD301
507,JSD801
508,JSD802
509,JTD792
510,JTD802
511,JVD809
512,JVD811
513,JVD812
514,MAD852
515,MCD310
516,MCD411
517,MCD412
518,MCD812
519,MCD832
520,MCD862
521,MCD882
522,MCD895
523,MCL131
524,MCL132
525,MCL133
526,MCL136
527,MCL142
528,MCL201
529,MCL212
530,MCL241
531,MCL311
532,MCL321
533,MCL331
534,MCL343
535,MCL347
536,MCL361
537,MCL380
538,MCL421
539,MCL443
540,MCL705
541,MCL723
542,MCL730
543,MCL733
544,MCL736
545,MCL738
546,MCL741
547,MCL743
548,MCL745
549,MCL747
550,MCL754
551,MCL759
552,MCL770
553,MCL771
554,MCL778
555,MCL782
556,MCL784
557,MCL786
558,MCL813
559,MCL814
560,MCL818
561,MCL821
562,MCL822
563,MCL823
564,MCL825
565,MCL826
566,MCL865
567,MCP100
568,MCP101
569,MCP261
570,MCP301
571,MCP331
572,MCP332
573,MCQ301
574,MCQ302
575,MCQ303
576,MCV849
577,MEC410
578,MED411
579,MED412
580,MSD792
581,MSD890
582,MSD891
583,MSD892
584,MSL301
585,MSL303
586,MSL700
587,MSL705A
588,MSL705B
589,MSL705C
590,MSL706
591,MSL708A
592,MSL708B
593,MSL711A
594,MSL711B
595,MSL713A
596,MSL713B
597,MSL713C
598,MSL720A
599,MSL720B
600,MSL721
601,MSL723
602,MSL727A
603,MSL727B
604,MSL727C
605,MSL733A
606,MSL733B
607,MSL733C
608,MSL740
609,MSL745A
610,MSL745B
611,MSL780
612,MSL802
613,MSL806
614,MSL825
615,MSL827
616,MSL849
617,MSL859
618,MSL863
619,MSL865
620,MSL870
621,MSL871
622,MSL873
623,MSL874
624,MSL875
625,MSL878
626,MSL879
627,MSL886
628,MSL894
629,MSL896
630,MST894
631,MSV802
632,MSV803
633,MSV805
634,MTD350
635,MTD421
636,MTD702
637,MTD852
638,MTD854
639,MTL100
640,MTL101
641,MTL102
642,MTL103
643,MTL106
644,MTL108
645,MTL122
646,MTL145
647,MTL390
648,MTL411
649,MTL506
650,MTL507
651,MTL508
652,MTL509
653,MTL510
654,MTL725
655,MTL730
656,MTL732
657,MTL742
658,MTL755
659,MTL768
660,MTL782
661,MTL792
662,MTP290
663,NEN101
664,NLN101
665,PTL702
666,PTL706
667,PTL709
668,PTL712
669,PTP720
670,PTV700
671,PYD411
672,PYD412
673,PYD414
674,PYD562
675,PYD658
676,PYD802
677,PYD852
678,PYL100
679,PYL102
680,PYL111
681,PYL112
682,PYL114
683,PYL202
684,PYL204
685,PYL302
686,PYL304
687,PYL306
688,PYL312
689,PYL331
690,PYL552
691,PYL555
692,PYL556
693,PYL558
694,PYL560
695,PYL563
696,PYL651
697,PYL659
698,PYL704
699,PYL705
700,PYL707
701,PYL725
702,PYL726
703,PYL727
704,PYL742
705,PYL743
706,PYL744
707,PYL746
708,PYL748
709,PYL752
710,PYL756
711,PYL760
712,PYL762
713,PYL770
714,PYL772
715,PYL780
716,PYL792
717,PYL800
718,PYL879
719,PYL891
720,PYP100
721,PYP212
722,PYP222
723,PYP562
724,PYP702
725,PYP762
726,PYP764
727,PYQ303
728,PYS300
729,RDD750
730,RDL700
731,RDL701
732,RDL710
733,RDL722
734,RDL726
735,RDL740
736,RDL760
737,RDP750
738,RDQ301
739,RDQ302
740,RDQ303
741,RDQ304
742,RDQ305
743,SBC796
744,SBD301
745,SBD895
746,SBL100
747,SBL201
748,SBL701
749,SBL703
750,SBL704
751,SBL705
752,SBL714
753,SBL720
754,SBP200
755,SBS800
756,SBV750
757,SBV884
758,SID880
759,SID890
760,SIL765
761,SIV895
762,TTC410
763,TTT410
764,TXD357
765,TXD358
766,TXD401
767,TXD402
768,TXD803
769,TXD804
770,TXD806
771,TXL211
772,TXL221
773,TXL231
774,TXL241
775,TXL361
776,TXL371
777,TXL372
778,TXL714
779,TXL715
780,TXL725
781,TXL740
782,TXL748
783,TXL754
784,TXL756
785,TXL766
786,TXL771
787,TXL775
788,TXL777
789,TXL782
790,TXL783
791,TXP212
792,TXP221
793,TXP231
794,TXP241
795,TXP361
796,TXP716
797,TXP725
798,TXP748
799,TXP761
800,TXQ302
801,VED750
802,VEL700
